{"cameraMode":{"drawMode":0,"name":"Shaded","section":"Shading Mode"},"sceneLighting":true,"audioPlay":false,"sceneViewState":{"m_AlwaysRefresh":false,"showFog":true,"showSkybox":true,"showFlares":true,"showImageEffects":true,"showParticleSystems":true,"showVisualEffectGraphs":true,"m_FxEnabled":true},"in2DMode":false,"pivot":{"x":0.4852033853530884,"y":0.6521914601325989,"z":-0.7954022884368897},"rotation":{"x":-0.10527882725000382,"y":0.8390036821365356,"z":-0.17515510320663453,"w":-0.5042921900749207},"size":0.8660253882408142,"orthographic":false}